Flow Timestamps,Flow (L/min),CO2 Timestamps,CO2% (ppm),Volume Exhaled Timestamps,Volume Exhaled (L),VCO2/BV Timestamps,Vol CO2 / Vol Breath,CO2 Peak timestamps,CO2 Peak (ppm)
2022-12-08 10:58:33.074174,0.05,2022-12-08 10:58:33.075173,1670.0,2022-12-08 10:58:39.150150,2.1015333333333346,2022-12-08 10:58:40.046269,14.739699184499074,2022-12-08 10:58:40.047097,78920.0
2022-12-08 10:58:33.117494,0.04,2022-12-08 10:58:33.132715,2030.0,2022-12-08 10:58:43.670557,0.0715083333333333,2022-12-08 10:58:48.787599,13.53507583459402,2022-12-08 10:58:48.788762,88840.0
2022-12-08 10:58:33.163407,0.05,2022-12-08 10:58:33.181409,1930.0,2022-12-08 10:58:47.447959,2.269825,,,,
2022-12-08 10:58:33.215722,0.06,2022-12-08 10:58:33.221604,1720.0,2022-12-08 10:58:47.744326,0.0371166666666666,,,,
2022-12-08 10:58:33.285649,0.06,2022-12-08 10:58:33.265429,1830.0,2022-12-08 10:58:51.711484,0.0288916666666666,,,,
2022-12-08 10:58:33.386363,0.06,2022-12-08 10:58:33.313042,1760.0,2022-12-08 10:58:55.655501,2.400783333333332,,,,
2022-12-08 10:58:33.439614,0.05,2022-12-08 10:58:33.360968,1780.0,2022-12-08 10:58:59.738800,0.01715,,,,
2022-12-08 10:58:33.488644,0.05,2022-12-08 10:58:33.408985,1950.0,2022-12-08 10:59:03.189656,2.3883333333333336,,,,
2022-12-08 10:58:33.538745,0.05,2022-12-08 10:58:33.456761,1950.0,2022-12-08 10:59:06.132425,0.0184,,,,
2022-12-08 10:58:33.593583,0.05,2022-12-08 10:58:33.506306,1740.0,2022-12-08 10:59:10.500382,2.600458333333333,,,,
2022-12-08 10:58:33.657960,0.06,2022-12-08 10:58:33.556198,1730.0,2022-12-08 10:59:17.520752,2.6388666666666656,,,,
2022-12-08 10:58:33.703206,0.07,2022-12-08 10:58:33.616943,1890.0,,,,,,
2022-12-08 10:58:33.768941,0.05,2022-12-08 10:58:33.675154,1790.0,,,,,,
2022-12-08 10:58:33.815737,0.04,2022-12-08 10:58:33.721358,1650.0,,,,,,
2022-12-08 10:58:33.865336,0.05,2022-12-08 10:58:33.760900,1750.0,,,,,,
2022-12-08 10:58:33.914795,0.06,2022-12-08 10:58:33.808735,1770.0,,,,,,
2022-12-08 10:58:33.964899,0.05,2022-12-08 10:58:33.857243,1860.0,,,,,,
2022-12-08 10:58:34.015501,0.04,2022-12-08 10:58:33.904639,1890.0,,,,,,
2022-12-08 10:58:34.064803,0.05,2022-12-08 10:58:33.952833,1970.0,,,,,,
2022-12-08 10:58:34.113541,0.08,2022-12-08 10:58:34.000732,1970.0,,,,,,
2022-12-08 10:58:34.158579,0.06,2022-12-08 10:58:34.048047,1860.0,,,,,,
2022-12-08 10:58:34.203808,0.06,2022-12-08 10:58:34.097022,1780.0,,,,,,
2022-12-08 10:58:34.249952,0.1,2022-12-08 10:58:34.144530,1600.0,,,,,,
2022-12-08 10:58:34.317588,0.1,2022-12-08 10:58:34.192638,1620.0,,,,,,
2022-12-08 10:58:34.367653,0.09,2022-12-08 10:58:34.240688,1670.0,,,,,,
2022-12-08 10:58:34.413624,0.07,2022-12-08 10:58:34.288802,1590.0,,,,,,
2022-12-08 10:58:34.458774,0.06,2022-12-08 10:58:34.352571,1680.0,,,,,,
2022-12-08 10:58:34.503855,0.06,2022-12-08 10:58:34.399992,1790.0,,,,,,
2022-12-08 10:58:34.551701,0.06,2022-12-08 10:58:34.448762,1760.0,,,,,,
2022-12-08 10:58:34.598010,0.07,2022-12-08 10:58:34.496786,1740.0,,,,,,
2022-12-08 10:58:34.647626,0.09,2022-12-08 10:58:34.544199,1780.0,,,,,,
2022-12-08 10:58:34.713302,0.1,2022-12-08 10:58:34.592412,1950.0,,,,,,
2022-12-08 10:58:34.758778,0.17,2022-12-08 10:58:34.640577,1870.0,,,,,,
2022-12-08 10:58:34.804655,0.05,2022-12-08 10:58:34.688882,1820.0,,,,,,
2022-12-08 10:58:34.849992,0.06,2022-12-08 10:58:34.736475,1800.0,,,,,,
2022-12-08 10:58:34.894974,-0.62,2022-12-08 10:58:34.784493,1740.0,,,,,,
2022-12-08 10:58:34.940720,0.24,2022-12-08 10:58:34.832317,1850.0,,,,,,
2022-12-08 10:58:34.988745,-0.04,2022-12-08 10:58:34.880247,1920.0,,,,,,
2022-12-08 10:58:35.038947,0.25,2022-12-08 10:58:34.928178,1810.0,,,,,,
2022-12-08 10:58:35.095011,0.18,2022-12-08 10:58:34.976419,1830.0,,,,,,
2022-12-08 10:58:35.142497,0.11,2022-12-08 10:58:35.044953,1830.0,,,,,,
2022-12-08 10:58:35.192281,0.11,2022-12-08 10:58:35.088190,1870.0,,,,,,
2022-12-08 10:58:35.237441,0.11,2022-12-08 10:58:35.136165,1910.0,,,,,,
2022-12-08 10:58:35.287250,0.1,2022-12-08 10:58:35.184217,1860.0,,,,,,
2022-12-08 10:58:35.336937,0.65,2022-12-08 10:58:35.232120,1830.0,,,,,,
2022-12-08 10:58:35.388674,4.92,2022-12-08 10:58:35.280156,1770.0,,,,,,
2022-12-08 10:58:35.438523,10.54,2022-12-08 10:58:35.328382,1880.0,,,,,,
2022-12-08 10:58:35.488476,10.7,2022-12-08 10:58:35.376040,1950.0,,,,,,
2022-12-08 10:58:35.539037,14.84,2022-12-08 10:58:35.424186,1830.0,,,,,,
2022-12-08 10:58:35.585150,16.05,2022-12-08 10:58:35.472039,1860.0,,,,,,
2022-12-08 10:58:35.637238,20.96,2022-12-08 10:58:35.519584,1950.0,,,,,,
2022-12-08 10:58:35.687184,30.21,2022-12-08 10:58:35.567962,1770.0,,,,,,
2022-12-08 10:58:35.737979,32.07,2022-12-08 10:58:35.616451,1670.0,,,,,,
2022-12-08 10:58:35.790826,36.11,2022-12-08 10:58:35.663916,1760.0,,,,,,
2022-12-08 10:58:35.840805,42.71,2022-12-08 10:58:35.712618,1790.0,,,,,,
2022-12-08 10:58:35.890906,44.84,2022-12-08 10:58:35.776618,1970.0,,,,,,
2022-12-08 10:58:35.940693,44.27,2022-12-08 10:58:35.824017,2280.0,,,,,,
2022-12-08 10:58:35.990721,46.87,2022-12-08 10:58:35.871824,3170.0,,,,,,
2022-12-08 10:58:36.040826,49.87,2022-12-08 10:58:35.919791,5660.0,,,,,,
2022-12-08 10:58:36.094816,50.46,2022-12-08 10:58:35.968127,10540.0,,,,,,
2022-12-08 10:58:36.140902,51.68,2022-12-08 10:58:36.015786,18250.0,,,,,,
2022-12-08 10:58:36.216738,51.1,2022-12-08 10:58:36.064378,27480.0,,,,,,
2022-12-08 10:58:36.266910,51.75,2022-12-08 10:58:36.111818,36160.0,,,,,,
2022-12-08 10:58:36.314071,52.75,2022-12-08 10:58:36.159611,43830.0,,,,,,
2022-12-08 10:58:36.363505,52.26,2022-12-08 10:58:36.207483,49830.0,,,,,,
2022-12-08 10:58:36.415065,51.57,2022-12-08 10:58:36.255827,53820.0,,,,,,
2022-12-08 10:58:36.473734,50.3,2022-12-08 10:58:36.304026,56660.0,,,,,,
2022-12-08 10:58:36.518915,51.0,2022-12-08 10:58:36.382231,60300.0,,,,,,
2022-12-08 10:58:36.571853,50.83,2022-12-08 10:58:36.416050,62110.0,,,,,,
2022-12-08 10:58:36.617894,51.25,2022-12-08 10:58:36.463664,62900.0,,,,,,
2022-12-08 10:58:36.663955,49.77,2022-12-08 10:58:36.511943,64050.0,,,,,,
2022-12-08 10:58:36.710969,49.85,2022-12-08 10:58:36.559844,64710.0,,,,,,
2022-12-08 10:58:36.756678,48.81,2022-12-08 10:58:36.607898,67970.0,,,,,,
2022-12-08 10:58:36.799235,47.95,2022-12-08 10:58:36.654955,68820.0,,,,,,
2022-12-08 10:58:36.845128,47.36,2022-12-08 10:58:36.703414,67970.0,,,,,,
2022-12-08 10:58:36.890446,47.1,2022-12-08 10:58:36.751284,68420.0,,,,,,
2022-12-08 10:58:36.939201,47.05,2022-12-08 10:58:36.803049,68900.0,,,,,,
2022-12-08 10:58:36.989468,47.64,2022-12-08 10:58:36.860097,69360.0,,,,,,
2022-12-08 10:58:37.038818,47.79,2022-12-08 10:58:36.904495,69600.0,,,,,,
2022-12-08 10:58:37.155570,48.01,2022-12-08 10:58:36.952939,70240.0,,,,,,
2022-12-08 10:58:37.156570,45.89,2022-12-08 10:58:37.007613,70400.0,,,,,,
2022-12-08 10:58:37.184854,44.63,2022-12-08 10:58:37.137607,69920.0,,,,,,
2022-12-08 10:58:37.234792,43.76,2022-12-08 10:58:37.154568,70470.0,,,,,,
2022-12-08 10:58:37.284468,42.34,2022-12-08 10:58:37.169093,70940.0,,,,,,
2022-12-08 10:58:37.335517,40.55,2022-12-08 10:58:37.199102,71430.0,,,,,,
2022-12-08 10:58:37.385966,38.72,2022-12-08 10:58:37.250381,71920.0,,,,,,
2022-12-08 10:58:37.441227,38.29,2022-12-08 10:58:37.304822,72520.0,,,,,,
2022-12-08 10:58:37.493595,38.74,2022-12-08 10:58:37.353054,73790.0,,,,,,
2022-12-08 10:58:37.541951,36.86,2022-12-08 10:58:37.402230,73610.0,,,,,,
2022-12-08 10:58:37.590970,34.94,2022-12-08 10:58:37.439229,72770.0,,,,,,
2022-12-08 10:58:37.637190,30.48,2022-12-08 10:58:37.486596,73940.0,,,,,,
2022-12-08 10:58:37.688675,30.82,2022-12-08 10:58:37.534971,74800.0,,,,,,
2022-12-08 10:58:37.735097,29.68,2022-12-08 10:58:37.582949,74620.0,,,,,,
2022-12-08 10:58:37.784275,28.41,2022-12-08 10:58:37.631135,74700.0,,,,,,
2022-12-08 10:58:37.835150,26.89,2022-12-08 10:58:37.678900,75050.0,,,,,,
2022-12-08 10:58:37.885398,25.84,2022-12-08 10:58:37.726979,76270.0,,,,,,
2022-12-08 10:58:37.943126,25.78,2022-12-08 10:58:37.774942,75830.0,,,,,,
2022-12-08 10:58:37.989976,26.85,2022-12-08 10:58:37.822826,74950.0,,,,,,
2022-12-08 10:58:38.038821,27.55,2022-12-08 10:58:37.892548,75730.0,,,,,,
2022-12-08 10:58:38.090356,25.22,2022-12-08 10:58:37.935591,75100.0,,,,,,
2022-12-08 10:58:38.168666,21.57,2022-12-08 10:58:37.982973,74070.0,,,,,,
2022-12-08 10:58:38.218411,24.33,2022-12-08 10:58:38.030756,74310.0,,,,,,
2022-12-08 10:58:38.270006,24.76,2022-12-08 10:58:38.078346,74480.0,,,,,,
2022-12-08 10:58:38.326759,24.64,2022-12-08 10:58:38.126817,75530.0,,,,,,
2022-12-08 10:58:38.372599,24.31,2022-12-08 10:58:38.188997,75620.0,,,,,,
2022-12-08 10:58:38.422846,21.81,2022-12-08 10:58:38.237896,75170.0,,,,,,
2022-12-08 10:58:38.473026,20.68,2022-12-08 10:58:38.276763,77370.0,,,,,,
2022-12-08 10:58:38.523171,20.88,2022-12-08 10:58:38.318739,78280.0,,,,,,
2022-12-08 10:58:38.573551,21.34,2022-12-08 10:58:38.366598,77180.0,,,,,,
2022-12-08 10:58:38.621396,20.52,2022-12-08 10:58:38.414767,75410.0,,,,,,
2022-12-08 10:58:38.669757,16.19,2022-12-08 10:58:38.462690,75050.0,,,,,,
2022-12-08 10:58:38.718073,18.16,2022-12-08 10:58:38.510840,75490.0,,,,,,
2022-12-08 10:58:38.764007,17.77,2022-12-08 10:58:38.580767,76110.0,,,,,,
2022-12-08 10:58:38.809606,17.23,2022-12-08 10:58:38.626014,76630.0,,,,,,
2022-12-08 10:58:38.855939,17.05,2022-12-08 10:58:38.676075,76350.0,,,,,,
2022-12-08 10:58:38.901752,15.72,2022-12-08 10:58:38.722006,76690.0,,,,,,
2022-12-08 10:58:38.947649,15.39,2022-12-08 10:58:38.777304,77860.0,,,,,,
2022-12-08 10:58:38.998219,14.76,2022-12-08 10:58:38.827497,78140.0,,,,,,
2022-12-08 10:58:39.047168,15.44,2022-12-08 10:58:38.872171,77850.0,,,,,,
2022-12-08 10:58:39.104961,10.19,2022-12-08 10:58:38.918446,78390.0,,,,,,
2022-12-08 10:58:39.149147,9.82,2022-12-08 10:58:38.963312,78290.0,,,,,,
2022-12-08 10:58:39.194290,9.27,2022-12-08 10:58:39.017183,77100.0,,,,,,
2022-12-08 10:58:39.240323,7.59,2022-12-08 10:58:39.065258,77910.0,,,,,,
2022-12-08 10:58:39.289734,5.94,2022-12-08 10:58:39.102918,78920.0,,,,,,
2022-12-08 10:58:39.341267,0.14,2022-12-08 10:58:39.155864,78450.0,,,,,,
2022-12-08 10:58:39.390533,-8.59,2022-12-08 10:58:39.208862,78080.0,,,,,,
2022-12-08 10:58:39.444034,-10.18,2022-12-08 10:58:39.256365,78080.0,,,,,,
2022-12-08 10:58:39.494577,-9.2,2022-12-08 10:58:39.310302,77250.0,,,,,,
2022-12-08 10:58:39.544216,-21.19,2022-12-08 10:58:39.358130,77430.0,,,,,,
2022-12-08 10:58:39.593045,-29.96,2022-12-08 10:58:39.407654,78440.0,,,,,,
2022-12-08 10:58:39.640357,-37.07,2022-12-08 10:58:39.461197,78050.0,,,,,,
2022-12-08 10:58:39.690227,-39.53,2022-12-08 10:58:39.511241,77310.0,,,,,,
2022-12-08 10:58:39.740223,-42.04,2022-12-08 10:58:39.560732,78050.0,,,,,,
2022-12-08 10:58:39.797074,-47.69,2022-12-08 10:58:39.609103,78880.0,,,,,,
2022-12-08 10:58:39.842335,-50.58,2022-12-08 10:58:39.656140,77940.0,,,,,,
2022-12-08 10:58:39.894886,-53.93,2022-12-08 10:58:39.708140,72870.0,,,,,,
2022-12-08 10:58:39.945664,-56.79,2022-12-08 10:58:39.754731,63790.0,,,,,,
2022-12-08 10:58:39.997588,-61.44,2022-12-08 10:58:39.789916,52990.0,,,,,,
2022-12-08 10:58:40.048928,-61.41,2022-12-08 10:58:39.860720,42020.0,,,,,,
2022-12-08 10:58:40.103011,-60.45,2022-12-08 10:58:39.910820,32310.0,,,,,,
2022-12-08 10:58:40.147152,-59.52,2022-12-08 10:58:39.960834,25500.0,,,,,,
2022-12-08 10:58:40.214187,-55.59,2022-12-08 10:58:40.004591,20520.0,,,,,,
2022-12-08 10:58:40.266186,-54.35,2022-12-08 10:58:40.046269,16710.0,,,,,,
2022-12-08 10:58:40.315549,-55.53,2022-12-08 10:58:40.093960,15020.0,,,,,,
2022-12-08 10:58:40.365765,-59.02,2022-12-08 10:58:40.142150,13720.0,,,,,,
2022-12-08 10:58:40.417823,-60.76,2022-12-08 10:58:40.189813,12320.0,,,,,,
2022-12-08 10:58:40.467932,-63.28,2022-12-08 10:58:40.237834,11570.0,,,,,,
2022-12-08 10:58:40.521162,-63.59,2022-12-08 10:58:40.285865,10900.0,,,,,,
2022-12-08 10:58:40.571154,-63.2,2022-12-08 10:58:40.334503,10490.0,,,,,,
2022-12-08 10:58:40.618302,-64.39,2022-12-08 10:58:40.381948,9480.0,,,,,,
2022-12-08 10:58:40.666073,-64.51,2022-12-08 10:58:40.439828,8750.0,,,,,,
2022-12-08 10:58:40.716353,-62.39,2022-12-08 10:58:40.483274,8820.0,,,,,,
2022-12-08 10:58:40.761929,-54.74,2022-12-08 10:58:40.536996,8520.0,,,,,,
2022-12-08 10:58:40.808106,-57.28,2022-12-08 10:58:40.591899,7620.0,,,,,,
2022-12-08 10:58:40.853569,-63.35,2022-12-08 10:58:40.637396,7120.0,,,,,,
2022-12-08 10:58:40.899494,-63.59,2022-12-08 10:58:40.685845,7250.0,,,,,,
2022-12-08 10:58:40.945482,-61.09,2022-12-08 10:58:40.733460,7500.0,,,,,,
2022-12-08 10:58:40.996136,-60.32,2022-12-08 10:58:40.781872,7500.0,,,,,,
2022-12-08 10:58:41.045653,-58.35,2022-12-08 10:58:40.829726,7110.0,,,,,,
2022-12-08 10:58:41.098201,-55.41,2022-12-08 10:58:40.877700,6810.0,,,,,,
2022-12-08 10:58:41.143073,-52.87,2022-12-08 10:58:40.925584,6750.0,,,,,,
2022-12-08 10:58:41.216489,-48.59,2022-12-08 10:58:40.973829,6870.0,,,,,,
2022-12-08 10:58:41.266560,-44.34,2022-12-08 10:58:41.021510,6800.0,,,,,,
2022-12-08 10:58:41.320204,-43.0,2022-12-08 10:58:41.069413,6680.0,,,,,,
2022-12-08 10:58:41.370152,-45.56,2022-12-08 10:58:41.117290,6380.0,,,,,,
2022-12-08 10:58:41.420122,-45.99,2022-12-08 10:58:41.165376,6190.0,,,,,,
2022-12-08 10:58:41.472534,-43.47,2022-12-08 10:58:41.213428,6190.0,,,,,,
2022-12-08 10:58:41.524347,-41.2,2022-12-08 10:58:41.287290,6310.0,,,,,,
2022-12-08 10:58:41.571067,-40.97,2022-12-08 10:58:41.336991,6330.0,,,,,,
2022-12-08 10:58:41.628644,-37.94,2022-12-08 10:58:41.385095,6060.0,,,,,,
2022-12-08 10:58:41.674668,-33.35,2022-12-08 10:58:41.426096,6090.0,,,,,,
2022-12-08 10:58:41.725055,-30.24,2022-12-08 10:58:41.469566,5930.0,,,,,,
2022-12-08 10:58:41.777325,-30.33,2022-12-08 10:58:41.517274,5550.0,,,,,,
2022-12-08 10:58:41.822735,-32.22,2022-12-08 10:58:41.565062,5710.0,,,,,,
2022-12-08 10:58:41.867773,-28.91,2022-12-08 10:58:41.613228,5860.0,,,,,,
2022-12-08 10:58:41.913425,-28.34,2022-12-08 10:58:41.661232,5580.0,,,,,,
2022-12-08 10:58:41.958700,-27.54,2022-12-08 10:58:41.709022,5260.0,,,,,,
2022-12-08 10:58:42.004157,-26.6,2022-12-08 10:58:41.757382,5360.0,,,,,,
2022-12-08 10:58:42.051001,-23.0,2022-12-08 10:58:41.805021,5480.0,,,,,,
2022-12-08 10:58:42.102576,-21.28,2022-12-08 10:58:41.853566,5360.0,,,,,,
2022-12-08 10:58:42.149006,-17.08,2022-12-08 10:58:41.900893,5170.0,,,,,,
2022-12-08 10:58:42.199761,-23.25,2022-12-08 10:58:41.949021,5110.0,,,,,,
2022-12-08 10:58:42.250129,-22.76,2022-12-08 10:58:41.997086,5320.0,,,,,,
2022-12-08 10:58:42.307359,-20.77,2022-12-08 10:58:42.070839,5410.0,,,,,,
2022-12-08 10:58:42.356626,-19.99,2022-12-08 10:58:42.116892,5320.0,,,,,,
2022-12-08 10:58:42.403586,-21.58,2022-12-08 10:58:42.165737,4970.0,,,,,,
2022-12-08 10:58:42.473582,-19.07,2022-12-08 10:58:42.214757,5030.0,,,,,,
2022-12-08 10:58:42.527602,-15.51,2022-12-08 10:58:42.266121,5090.0,,,,,,
2022-12-08 10:58:42.580321,-13.27,2022-12-08 10:58:42.300356,5220.0,,,,,,
2022-12-08 10:58:42.625350,-9.69,2022-12-08 10:58:42.348692,5540.0,,,,,,
2022-12-08 10:58:42.673259,-13.35,2022-12-08 10:58:42.396755,5180.0,,,,,,
2022-12-08 10:58:42.725930,-11.74,2022-12-08 10:58:42.444826,5050.0,,,,,,
2022-12-08 10:58:42.771090,-6.33,2022-12-08 10:58:42.494687,5200.0,,,,,,
2022-12-08 10:58:42.816694,-7.63,2022-12-08 10:58:42.543331,5230.0,,,,,,
2022-12-08 10:58:42.862955,-11.15,2022-12-08 10:58:42.599371,5200.0,,,,,,
2022-12-08 10:58:42.908924,-9.67,2022-12-08 10:58:42.642701,5250.0,,,,,,
2022-12-08 10:58:42.954259,-5.91,2022-12-08 10:58:42.700378,5440.0,,,,,,
2022-12-08 10:58:43.002882,-3.3,2022-12-08 10:58:42.748594,5390.0,,,,,,
2022-12-08 10:58:43.053857,0.35,2022-12-08 10:58:42.796601,5420.0,,,,,,
2022-12-08 10:58:43.108741,-1.94,2022-12-08 10:58:42.844679,5470.0,,,,,,
2022-12-08 10:58:43.154698,-2.45,2022-12-08 10:58:42.892490,5460.0,,,,,,
2022-12-08 10:58:43.223101,6.38,2022-12-08 10:58:42.940581,5610.0,,,,,,
2022-12-08 10:58:43.275148,5.65,2022-12-08 10:58:42.988421,5510.0,,,,,,
2022-12-08 10:58:43.326801,2.02,2022-12-08 10:58:43.036849,5300.0,,,,,,
2022-12-08 10:58:43.377837,6.67,2022-12-08 10:58:43.084603,5470.0,,,,,,
2022-12-08 10:58:43.424211,11.07,2022-12-08 10:58:43.132455,5700.0,,,,,,
2022-12-08 10:58:43.474283,16.99,2022-12-08 10:58:43.180446,5640.0,,,,,,
2022-12-08 10:58:43.528278,18.74,2022-12-08 10:58:43.241063,5630.0,,,,,,
2022-12-08 10:58:43.578659,17.06,2022-12-08 10:58:43.282622,5640.0,,,,,,
2022-12-08 10:58:43.624502,10.88,2022-12-08 10:58:43.324712,5590.0,,,,,,
2022-12-08 10:58:43.669550,9.33,2022-12-08 10:58:43.396943,5810.0,,,,,,
2022-12-08 10:58:43.714829,16.43,2022-12-08 10:58:43.441486,5900.0,,,,,,
2022-12-08 10:58:43.760517,24.31,2022-12-08 10:58:43.493116,5680.0,,,,,,
2022-12-08 10:58:43.806355,30.91,2022-12-08 10:58:43.543007,5710.0,,,,,,
2022-12-08 10:58:43.851619,34.58,2022-12-08 10:58:43.584789,5750.0,,,,,,
2022-12-08 10:58:43.896797,35.58,2022-12-08 10:58:43.641505,5780.0,,,,,,
2022-12-08 10:58:43.946738,36.26,2022-12-08 10:58:43.685938,5860.0,,,,,,
2022-12-08 10:58:43.996668,37.59,2022-12-08 10:58:43.732415,5880.0,,,,,,
2022-12-08 10:58:44.049033,40.71,2022-12-08 10:58:43.777007,5770.0,,,,,,
2022-12-08 10:58:44.100025,40.43,2022-12-08 10:58:43.824287,5620.0,,,,,,
2022-12-08 10:58:44.146702,41.22,2022-12-08 10:58:43.868156,5810.0,,,,,,
2022-12-08 10:58:44.196506,43.15,2022-12-08 10:58:43.916229,6070.0,,,,,,
2022-12-08 10:58:44.248822,44.08,2022-12-08 10:58:43.963811,6660.0,,,,,,
2022-12-08 10:58:44.298732,44.29,2022-12-08 10:58:44.028063,8080.0,,,,,,
2022-12-08 10:58:44.350782,44.01,2022-12-08 10:58:44.076168,11760.0,,,,,,
2022-12-08 10:58:44.400834,45.48,2022-12-08 10:58:44.124230,18130.0,,,,,,
2022-12-08 10:58:44.474831,47.17,2022-12-08 10:58:44.171970,26370.0,,,,,,
2022-12-08 10:58:44.521640,48.37,2022-12-08 10:58:44.219952,34580.0,,,,,,
2022-12-08 10:58:44.572715,49.79,2022-12-08 10:58:44.267942,42020.0,,,,,,
2022-12-08 10:58:44.623281,50.13,2022-12-08 10:58:44.315779,49490.0,,,,,,
2022-12-08 10:58:44.669024,48.26,2022-12-08 10:58:44.366675,55430.0,,,,,,
2022-12-08 10:58:44.714563,49.02,2022-12-08 10:58:44.414779,59730.0,,,,,,
2022-12-08 10:58:44.759934,49.5,2022-12-08 10:58:44.460003,62290.0,,,,,,
2022-12-08 10:58:44.805179,49.07,2022-12-08 10:58:44.507595,64820.0,,,,,,
2022-12-08 10:58:44.852002,49.0,2022-12-08 10:58:44.555933,67310.0,,,,,,
2022-12-08 10:58:44.896763,48.33,2022-12-08 10:58:44.603780,69820.0,,,,,,
2022-12-08 10:58:44.942024,49.94,2022-12-08 10:58:44.651789,70690.0,,,,,,
2022-12-08 10:58:44.992711,49.8,2022-12-08 10:58:44.699316,72160.0,,,,,,
2022-12-08 10:58:45.047883,48.47,2022-12-08 10:58:44.747840,74350.0,,,,,,
2022-12-08 10:58:45.097999,47.89,2022-12-08 10:58:44.796049,73660.0,,,,,,
2022-12-08 10:58:45.167589,48.81,2022-12-08 10:58:44.843989,73230.0,,,,,,
2022-12-08 10:58:45.217379,48.95,2022-12-08 10:58:44.914705,73060.0,,,,,,
2022-12-08 10:58:45.267267,47.68,2022-12-08 10:58:44.958128,74240.0,,,,,,
2022-12-08 10:58:45.319668,46.73,2022-12-08 10:58:45.009842,75720.0,,,,,,
2022-12-08 10:58:45.369084,44.66,2022-12-08 10:58:45.065765,76220.0,,,,,,
2022-12-08 10:58:45.423338,42.84,2022-12-08 10:58:45.103001,76310.0,,,,,,
2022-12-08 10:58:45.469101,41.85,2022-12-08 10:58:45.147621,77220.0,,,,,,
2022-12-08 10:58:45.519576,41.65,2022-12-08 10:58:45.195864,78660.0,,,,,,
2022-12-08 10:58:45.570256,41.04,2022-12-08 10:58:45.243614,78280.0,,,,,,
2022-12-08 10:58:45.620801,42.32,2022-12-08 10:58:45.291026,78640.0,,,,,,
2022-12-08 10:58:45.667082,42.12,2022-12-08 10:58:45.339543,79730.0,,,,,,
2022-12-08 10:58:45.712852,41.14,2022-12-08 10:58:45.387416,78630.0,,,,,,
2022-12-08 10:58:45.758536,39.84,2022-12-08 10:58:45.443283,77440.0,,,,,,
2022-12-08 10:58:45.803711,36.53,2022-12-08 10:58:45.490414,78160.0,,,,,,
2022-12-08 10:58:45.850821,35.71,2022-12-08 10:58:45.536572,80190.0,,,,,,
2022-12-08 10:58:45.895103,36.24,2022-12-08 10:58:45.587406,80370.0,,,,,,
2022-12-08 10:58:45.944908,36.91,2022-12-08 10:58:45.643347,79890.0,,,,,,
2022-12-08 10:58:45.995046,37.35,2022-12-08 10:58:45.691551,82360.0,,,,,,
2022-12-08 10:58:46.045026,36.45,2022-12-08 10:58:45.739297,82440.0,,,,,,
2022-12-08 10:58:46.095170,35.29,2022-12-08 10:58:45.787494,81000.0,,,,,,
2022-12-08 10:58:46.166098,33.83,2022-12-08 10:58:45.834917,79940.0,,,,,,
2022-12-08 10:58:46.215918,32.86,2022-12-08 10:58:45.882916,79480.0,,,,,,
2022-12-08 10:58:46.273841,32.42,2022-12-08 10:58:45.931031,81280.0,,,,,,
2022-12-08 10:58:46.318990,33.26,2022-12-08 10:58:45.979762,81460.0,,,,,,
2022-12-08 10:58:46.368927,33.24,2022-12-08 10:58:46.027197,82410.0,,,,,,
2022-12-08 10:58:46.418264,30.21,2022-12-08 10:58:46.075134,83490.0,,,,,,
2022-12-08 10:58:46.469084,31.13,2022-12-08 10:58:46.123122,82200.0,,,,,,
2022-12-08 10:58:46.518936,29.62,2022-12-08 10:58:46.184925,81910.0,,,,,,
2022-12-08 10:58:46.569020,28.01,2022-12-08 10:58:46.230559,81720.0,,,,,,
2022-12-08 10:58:46.618334,27.18,2022-12-08 10:58:46.267635,81810.0,,,,,,
2022-12-08 10:58:46.669881,25.39,2022-12-08 10:58:46.336246,83160.0,,,,,,
2022-12-08 10:58:46.720367,23.47,2022-12-08 10:58:46.383709,85620.0,,,,,,
2022-12-08 10:58:46.770792,21.49,2022-12-08 10:58:46.433255,84920.0,,,,,,
2022-12-08 10:58:46.821695,22.9,2022-12-08 10:58:46.485511,83830.0,,,,,,
2022-12-08 10:58:46.868812,26.46,2022-12-08 10:58:46.533658,83240.0,,,,,,
2022-12-08 10:58:46.914868,25.93,2022-12-08 10:58:46.583474,84130.0,,,,,,
2022-12-08 10:58:46.960722,22.09,2022-12-08 10:58:46.623438,84910.0,,,,,,
2022-12-08 10:58:47.007101,22.91,2022-12-08 10:58:46.666873,84310.0,,,,,,
2022-12-08 10:58:47.052258,20.26,2022-12-08 10:58:46.714851,85180.0,,,,,,
2022-12-08 10:58:47.097823,20.04,2022-12-08 10:58:46.762745,84890.0,,,,,,
2022-12-08 10:58:47.143823,19.4,2022-12-08 10:58:46.811184,84490.0,,,,,,
2022-12-08 10:58:47.189376,17.0,2022-12-08 10:58:46.858753,85880.0,,,,,,
2022-12-08 10:58:47.240477,16.13,2022-12-08 10:58:46.906799,85880.0,,,,,,
2022-12-08 10:58:47.290838,15.63,2022-12-08 10:58:46.954796,85350.0,,,,,,
2022-12-08 10:58:47.341131,14.41,2022-12-08 10:58:47.024970,84450.0,,,,,,
2022-12-08 10:58:47.395078,14.21,2022-12-08 10:58:47.069062,84540.0,,,,,,
2022-12-08 10:58:47.446950,7.89,2022-12-08 10:58:47.114791,86050.0,,,,,,
2022-12-08 10:58:47.492228,7.75,2022-12-08 10:58:47.162964,88840.0,,,,,,
2022-12-08 10:58:47.541756,9.24,2022-12-08 10:58:47.210597,88200.0,,,,,,
2022-12-08 10:58:47.591328,10.71,2022-12-08 10:58:47.258650,85320.0,,,,,,
2022-12-08 10:58:47.637629,12.97,2022-12-08 10:58:47.310877,85830.0,,,,,,
2022-12-08 10:58:47.688469,10.15,2022-12-08 10:58:47.356780,85930.0,,,,,,
2022-12-08 10:58:47.743421,8.32,2022-12-08 10:58:47.411398,85000.0,,,,,,
2022-12-08 10:58:47.793220,5.9,2022-12-08 10:58:47.463918,85400.0,,,,,,
2022-12-08 10:58:47.843404,5.69,2022-12-08 10:58:47.509283,86210.0,,,,,,
2022-12-08 10:58:47.893317,5.63,2022-12-08 10:58:47.557179,85290.0,,,,,,
2022-12-08 10:58:47.968216,-3.45,2022-12-08 10:58:47.605606,85900.0,,,,,,
2022-12-08 10:58:48.018168,-3.68,2022-12-08 10:58:47.653367,86510.0,,,,,,
2022-12-08 10:58:48.067885,-1.4,2022-12-08 10:58:47.706420,85070.0,,,,,,
2022-12-08 10:58:48.115777,-0.68,2022-12-08 10:58:47.763490,85670.0,,,,,,
2022-12-08 10:58:48.161362,0.18,2022-12-08 10:58:47.808004,85470.0,,,,,,
2022-12-08 10:58:48.215339,-4.42,2022-12-08 10:58:47.860998,83290.0,,,,,,
2022-12-08 10:58:48.265623,-14.61,2022-12-08 10:58:47.911216,83970.0,,,,,,
2022-12-08 10:58:48.315803,-32.24,2022-12-08 10:58:47.946299,85350.0,,,,,,
2022-12-08 10:58:48.365475,-42.92,2022-12-08 10:58:47.994307,84850.0,,,,,,
2022-12-08 10:58:48.414812,-45.67,2022-12-08 10:58:48.042290,85540.0,,,,,,
2022-12-08 10:58:48.465522,-56.4,2022-12-08 10:58:48.090265,85740.0,,,,,,
2022-12-08 10:58:48.515573,-55.75,2022-12-08 10:58:48.138088,85740.0,,,,,,
2022-12-08 10:58:48.565696,-59.09,2022-12-08 10:58:48.186374,86160.0,,,,,,
2022-12-08 10:58:48.614791,-61.68,2022-12-08 10:58:48.233930,86860.0,,,,,,
2022-12-08 10:58:48.665506,-60.98,2022-12-08 10:58:48.283635,85110.0,,,,,,
2022-12-08 10:58:48.718112,-62.97,2022-12-08 10:58:48.333195,83620.0,,,,,,
2022-12-08 10:58:48.767791,-65.07,2022-12-08 10:58:48.394570,79220.0,,,,,,
2022-12-08 10:58:48.818255,-65.72,2022-12-08 10:58:48.442134,67790.0,,,,,,
2022-12-08 10:58:48.868611,-66.78,2022-12-08 10:58:48.489992,53330.0,,,,,,
2022-12-08 10:58:48.919651,-69.2,2022-12-08 10:58:48.538216,41150.0,,,,,,
2022-12-08 10:58:48.965231,-67.2,2022-12-08 10:58:48.586098,33000.0,,,,,,
2022-12-08 10:58:49.010878,-65.86,2022-12-08 10:58:48.633891,27120.0,,,,,,
2022-12-08 10:58:49.056127,-67.61,2022-12-08 10:58:48.683576,23320.0,,,,,,
2022-12-08 10:58:49.101366,-68.88,2022-12-08 10:58:48.734107,20800.0,,,,,,
2022-12-08 10:58:49.146640,-70.26,2022-12-08 10:58:48.787599,18610.0,,,,,,
2022-12-08 10:58:49.192668,-72.02,2022-12-08 10:58:48.834989,16660.0,,,,,,
2022-12-08 10:58:49.238863,-72.69,2022-12-08 10:58:48.884788,14870.0,,,,,,
2022-12-08 10:58:49.290700,-73.13,2022-12-08 10:58:48.934347,13920.0,,,,,,
2022-12-08 10:58:49.343581,-73.6,2022-12-08 10:58:48.981248,13790.0,,,,,,
2022-12-08 10:58:49.393257,-73.93,2022-12-08 10:58:49.026926,13020.0,,,,,,
2022-12-08 10:58:49.442595,-73.77,2022-12-08 10:58:49.081450,12250.0,,,,,,
2022-12-08 10:58:49.516642,-73.78,2022-12-08 10:58:49.129952,11940.0,,,,,,
2022-12-08 10:58:49.569508,-72.68,2022-12-08 10:58:49.177144,11670.0,,,,,,
2022-12-08 10:58:49.618485,-73.12,2022-12-08 10:58:49.225892,11530.0,,,,,,
2022-12-08 10:58:49.662531,-72.35,2022-12-08 10:58:49.273909,10880.0,,,,,,
2022-12-08 10:58:49.706611,-68.76,2022-12-08 10:58:49.321924,10310.0,,,,,,
2022-12-08 10:58:49.751786,-65.9,2022-12-08 10:58:49.369597,10190.0,,,,,,
2022-12-08 10:58:49.797153,-64.19,2022-12-08 10:58:49.417936,9920.0,,,,,,
2022-12-08 10:58:49.842344,-63.44,2022-12-08 10:58:49.465998,9330.0,,,,,,
2022-12-08 10:58:49.888626,-61.79,2022-12-08 10:58:49.513596,9490.0,,,,,,
2022-12-08 10:58:49.938642,-58.17,2022-12-08 10:58:49.561696,9500.0,,,,,,
2022-12-08 10:58:49.988567,-55.18,2022-12-08 10:58:49.609483,8800.0,,,,,,
2022-12-08 10:58:50.037792,-50.81,2022-12-08 10:58:49.657549,8460.0,,,,,,
2022-12-08 10:58:50.091465,-48.05,2022-12-08 10:58:49.727098,8560.0,,,,,,
2022-12-08 10:58:50.137867,-45.12,2022-12-08 10:58:49.769033,8490.0,,,,,,
2022-12-08 10:58:50.187442,-41.64,2022-12-08 10:58:49.818431,8360.0,,,,,,
2022-12-08 10:58:50.239948,-39.63,2022-12-08 10:58:49.865399,8470.0,,,,,,
2022-12-08 10:58:50.291618,-40.64,2022-12-08 10:58:49.913248,8300.0,,,,,,
2022-12-08 10:58:50.341103,-40.16,2022-12-08 10:58:49.961412,8030.0,,,,,,
2022-12-08 10:58:50.391063,-38.96,2022-12-08 10:58:50.009577,7760.0,,,,,,
2022-12-08 10:58:50.464473,-36.91,2022-12-08 10:58:50.058342,7810.0,,,,,,
2022-12-08 10:58:50.509495,-36.07,2022-12-08 10:58:50.110514,7660.0,,,,,,
2022-12-08 10:58:50.559882,-32.88,2022-12-08 10:58:50.153442,7240.0,,,,,,
2022-12-08 10:58:50.613053,-29.37,2022-12-08 10:58:50.205092,7260.0,,,,,,
2022-12-08 10:58:50.661752,-26.2,2022-12-08 10:58:50.254999,7230.0,,,,,,
2022-12-08 10:58:50.711675,-22.36,2022-12-08 10:58:50.307256,6850.0,,,,,,
2022-12-08 10:58:50.764342,-24.35,2022-12-08 10:58:50.358173,6750.0,,,,,,
2022-12-08 10:58:50.815279,-23.22,2022-12-08 10:58:50.397638,6750.0,,,,,,
2022-12-08 10:58:50.865466,-18.91,2022-12-08 10:58:50.441278,6870.0,,,,,,
2022-12-08 10:58:50.911214,-18.93,2022-12-08 10:58:50.489580,6680.0,,,,,,
2022-12-08 10:58:50.956380,-17.02,2022-12-08 10:58:50.553014,6100.0,,,,,,
2022-12-08 10:58:51.001834,-13.07,2022-12-08 10:58:50.600733,6100.0,,,,,,
2022-12-08 10:58:51.047881,-10.38,2022-12-08 10:58:50.649389,6590.0,,,,,,
2022-12-08 10:58:51.093996,-8.18,2022-12-08 10:58:50.697458,6460.0,,,,,,
2022-12-08 10:58:51.159828,-4.81,2022-12-08 10:58:50.744981,6100.0,,,,,,
2022-12-08 10:58:51.210448,-8.83,2022-12-08 10:58:50.793321,6040.0,,,,,,
2022-12-08 10:58:51.260946,-3.99,2022-12-08 10:58:50.840960,6140.0,,,,,,
2022-12-08 10:58:51.311089,2.91,2022-12-08 10:58:50.888968,6330.0,,,,,,
2022-12-08 10:58:51.363440,-0.54,2022-12-08 10:58:50.936700,6330.0,,,,,,
2022-12-08 10:58:51.412915,0.55,2022-12-08 10:58:50.984787,6340.0,,,,,,
2022-12-08 10:58:51.463315,3.99,2022-12-08 10:58:51.032514,6250.0,,,,,,
2022-12-08 10:58:51.512201,9.0,2022-12-08 10:58:51.110999,6000.0,,,,,,
2022-12-08 10:58:51.563044,9.91,2022-12-08 10:58:51.128825,5960.0,,,,,,
2022-12-08 10:58:51.610231,10.09,2022-12-08 10:58:51.193030,6080.0,,,,,,
2022-12-08 10:58:51.660088,14.49,2022-12-08 10:58:51.240713,6330.0,,,,,,
2022-12-08 10:58:51.710551,9.75,2022-12-08 10:58:51.288800,6440.0,,,,,,
2022-12-08 10:58:51.760258,17.05,2022-12-08 10:58:51.336605,6470.0,,,,,,
2022-12-08 10:58:51.813989,18.25,2022-12-08 10:58:51.384843,6500.0,,,,,,
2022-12-08 10:58:51.863586,16.69,2022-12-08 10:58:51.436901,6400.0,,,,,,
2022-12-08 10:58:51.909098,19.42,2022-12-08 10:58:51.480577,6330.0,,,,,,
2022-12-08 10:58:51.954309,28.13,2022-12-08 10:58:51.529966,6600.0,,,,,,
2022-12-08 10:58:51.999774,33.69,2022-12-08 10:58:51.579944,6630.0,,,,,,
2022-12-08 10:58:52.045702,35.62,2022-12-08 10:58:51.630234,6560.0,,,,,,
2022-12-08 10:58:52.090934,38.48,2022-12-08 10:58:51.675209,6730.0,,,,,,
2022-12-08 10:58:52.137006,40.67,2022-12-08 10:58:51.727373,6800.0,,,,,,
2022-12-08 10:58:52.186322,41.33,2022-12-08 10:58:51.776961,6590.0,,,,,,
2022-12-08 10:58:52.239460,43.75,2022-12-08 10:58:51.832678,6480.0,,,,,,
2022-12-08 10:58:52.289310,46.95,2022-12-08 10:58:51.880460,6810.0,,,,,,
2022-12-08 10:58:52.339365,49.94,2022-12-08 10:58:51.928372,6890.0,,,,,,
2022-12-08 10:58:52.388653,51.54,2022-12-08 10:58:51.976345,6620.0,,,,,,
2022-12-08 10:58:52.439033,51.25,2022-12-08 10:58:52.024411,6460.0,,,,,,
2022-12-08 10:58:52.489601,51.91,2022-12-08 10:58:52.071682,6370.0,,,,,,
2022-12-08 10:58:52.560593,52.01,2022-12-08 10:58:52.120806,6790.0,,,,,,
2022-12-08 10:58:52.608498,53.36,2022-12-08 10:58:52.168242,8190.0,,,,,,
2022-12-08 10:58:52.657208,55.42,2022-12-08 10:58:52.215752,11720.0,,,,,,
2022-12-08 10:58:52.708282,57.23,2022-12-08 10:58:52.264430,18340.0,,,,,,
2022-12-08 10:58:52.761965,57.3,2022-12-08 10:58:52.312281,27060.0,,,,,,
2022-12-08 10:58:52.811572,57.35,2022-12-08 10:58:52.360193,36960.0,,,,,,
2022-12-08 10:58:52.857314,56.65,2022-12-08 10:58:52.408202,45760.0,,,,,,
2022-12-08 10:58:52.902639,56.45,2022-12-08 10:58:53.456521,45760.0,,,,,,
2022-12-08 10:58:52.948055,56.01,2022-12-08 10:58:54.508674,45760.0,,,,,,
2022-12-08 10:58:52.993593,53.38,2022-12-08 10:58:55.572591,45760.0,,,,,,
2022-12-08 10:58:53.038902,52.58,2022-12-08 10:58:56.625315,45760.0,,,,,,
2022-12-08 10:58:53.087309,52.37,2022-12-08 10:58:57.672676,45760.0,,,,,,
2022-12-08 10:58:53.132858,51.02,2022-12-08 10:58:58.730804,45760.0,,,,,,
2022-12-08 10:58:53.182262,50.0,2022-12-08 10:58:59.780018,45760.0,,,,,,
2022-12-08 10:58:53.236051,50.71,2022-12-08 10:59:00.844710,45760.0,,,,,,
2022-12-08 10:58:53.285823,51.45,2022-12-08 10:59:01.891213,45760.0,,,,,,
2022-12-08 10:58:53.335750,50.11,2022-12-08 10:59:02.941110,45760.0,,,,,,
2022-12-08 10:58:53.385967,49.79,2022-12-08 10:59:03.991961,45760.0,,,,,,
2022-12-08 10:58:53.435000,52.87,2022-12-08 10:59:05.044178,45760.0,,,,,,
2022-12-08 10:58:53.485780,52.55,2022-12-08 10:59:06.095578,45760.0,,,,,,
2022-12-08 10:58:53.535287,52.13,2022-12-08 10:59:07.148574,45760.0,,,,,,
2022-12-08 10:58:53.586578,52.37,2022-12-08 10:59:08.200012,45760.0,,,,,,
2022-12-08 10:58:53.632426,52.07,2022-12-08 10:59:09.251433,45760.0,,,,,,
2022-12-08 10:58:53.682298,48.41,2022-12-08 10:59:10.315229,45760.0,,,,,,
2022-12-08 10:58:53.734764,45.86,2022-12-08 10:59:11.369658,45760.0,,,,,,
2022-12-08 10:58:53.785411,44.73,2022-12-08 10:59:12.417445,45760.0,,,,,,
2022-12-08 10:58:53.835338,41.75,2022-12-08 10:59:13.482061,45760.0,,,,,,
2022-12-08 10:58:53.884719,38.76,2022-12-08 10:59:14.523949,45760.0,,,,,,
2022-12-08 10:58:53.934887,36.96,2022-12-08 10:59:15.577252,45760.0,,,,,,
2022-12-08 10:58:53.984158,36.07,2022-12-08 10:59:16.626604,45760.0,,,,,,
2022-12-08 10:58:54.034967,34.35,2022-12-08 10:59:17.677674,45760.0,,,,,,
2022-12-08 10:58:54.086053,33.39,2022-12-08 10:59:18.741906,45760.0,,,,,,
2022-12-08 10:58:54.131348,29.85,2022-12-08 10:59:19.788906,45760.0,,,,,,
2022-12-08 10:58:54.180736,29.36,2022-12-08 10:59:20.842155,45760.0,,,,,,
2022-12-08 10:58:54.234706,32.29,2022-12-08 10:59:21.890493,45760.0,,,,,,
2022-12-08 10:58:54.283878,34.61,2022-12-08 10:59:22.943109,45760.0,,,,,,
2022-12-08 10:58:54.333901,34.23,2022-12-08 10:59:23.809998,45760.0,,,,,,
2022-12-08 10:58:54.383826,31.56,,,,,,,,
2022-12-08 10:58:54.433892,32.31,,,,,,,,
2022-12-08 10:58:54.483431,29.14,,,,,,,,
2022-12-08 10:58:54.533636,20.91,,,,,,,,
2022-12-08 10:58:54.583891,19.02,,,,,,,,
2022-12-08 10:58:54.632412,25.2,,,,,,,,
2022-12-08 10:58:54.679810,27.46,,,,,,,,
2022-12-08 10:58:54.729156,27.73,,,,,,,,
2022-12-08 10:58:54.783349,25.05,,,,,,,,
2022-12-08 10:58:54.832963,18.41,,,,,,,,
2022-12-08 10:58:54.882362,20.2,,,,,,,,
2022-12-08 10:58:54.933233,19.89,,,,,,,,
2022-12-08 10:58:54.983052,20.99,,,,,,,,
2022-12-08 10:58:55.032637,22.78,,,,,,,,
2022-12-08 10:58:55.083265,22.26,,,,,,,,
2022-12-08 10:58:55.130241,21.7,,,,,,,,
2022-12-08 10:58:55.179122,21.2,,,,,,,,
2022-12-08 10:58:55.232370,23.23,,,,,,,,
2022-12-08 10:58:55.284582,22.6,,,,,,,,
2022-12-08 10:58:55.334572,15.14,,,,,,,,
2022-12-08 10:58:55.384636,15.08,,,,,,,,
2022-12-08 10:58:55.435025,15.15,,,,,,,,
2022-12-08 10:58:55.506359,12.66,,,,,,,,
2022-12-08 10:58:55.556450,12.7,,,,,,,,
2022-12-08 10:58:55.607200,11.05,,,,,,,,
2022-12-08 10:58:55.655501,9.45,,,,,,,,
2022-12-08 10:58:55.705313,8.3,,,,,,,,
2022-12-08 10:58:55.758564,8.58,,,,,,,,
2022-12-08 10:58:55.808532,8.69,,,,,,,,
2022-12-08 10:58:55.854064,6.11,,,,,,,,
2022-12-08 10:58:55.899992,6.33,,,,,,,,
2022-12-08 10:58:55.945382,6.64,,,,,,,,
2022-12-08 10:58:55.991307,2.54,,,,,,,,
2022-12-08 10:58:56.037093,5.69,,,,,,,,
2022-12-08 10:58:56.083313,5.74,,,,,,,,
2022-12-08 10:58:56.153871,-4.48,,,,,,,,
2022-12-08 10:58:56.204699,-12.95,,,,,,,,
2022-12-08 10:58:56.256868,-25.25,,,,,,,,
2022-12-08 10:58:56.306744,-36.19,,,,,,,,
2022-12-08 10:58:56.357140,-48.22,,,,,,,,
2022-12-08 10:58:56.407136,-51.98,,,,,,,,
2022-12-08 10:58:56.457170,-56.86,,,,,,,,
2022-12-08 10:58:56.506288,-58.98,,,,,,,,
2022-12-08 10:58:56.556300,-58.49,,,,,,,,
2022-12-08 10:58:56.604722,-61.2,,,,,,,,
2022-12-08 10:58:56.653152,-65.47,,,,,,,,
2022-12-08 10:58:56.703555,-69.6,,,,,,,,
2022-12-08 10:58:56.756707,-71.92,,,,,,,,
2022-12-08 10:58:56.806140,-75.68,,,,,,,,
2022-12-08 10:58:56.856952,-75.12,,,,,,,,
2022-12-08 10:58:56.906881,-73.13,,,,,,,,
2022-12-08 10:58:56.957963,-73.11,,,,,,,,
2022-12-08 10:58:57.003852,-73.12,,,,,,,,
2022-12-08 10:58:57.050043,-73.51,,,,,,,,
2022-12-08 10:58:57.095548,-74.33,,,,,,,,
2022-12-08 10:58:57.141380,-74.76,,,,,,,,
2022-12-08 10:58:57.186882,-74.77,,,,,,,,
2022-12-08 10:58:57.232140,-76.44,,,,,,,,
2022-12-08 10:58:57.280690,-78.65,,,,,,,,
2022-12-08 10:58:57.331701,-79.11,,,,,,,,
2022-12-08 10:58:57.382467,-77.65,,,,,,,,
2022-12-08 10:58:57.432589,-76.87,,,,,,,,
2022-12-08 10:58:57.482515,-76.04,,,,,,,,
2022-12-08 10:58:57.533584,-74.77,,,,,,,,
2022-12-08 10:58:57.600889,-72.38,,,,,,,,
2022-12-08 10:58:57.650184,-70.26,,,,,,,,
2022-12-08 10:58:57.701009,-68.49,,,,,,,,
2022-12-08 10:58:57.755240,-69.26,,,,,,,,
2022-12-08 10:58:57.805879,-68.28,,,,,,,,
2022-12-08 10:58:57.855985,-65.15,,,,,,,,
2022-12-08 10:58:57.900926,-62.67,,,,,,,,
2022-12-08 10:58:57.947500,-58.97,,,,,,,,
2022-12-08 10:58:57.991999,-55.31,,,,,,,,
2022-12-08 10:58:58.037637,-51.56,,,,,,,,
2022-12-08 10:58:58.086542,-51.6,,,,,,,,
2022-12-08 10:58:58.136498,-49.19,,,,,,,,
2022-12-08 10:58:58.196610,-48.87,,,,,,,,
2022-12-08 10:58:58.242245,-46.86,,,,,,,,
2022-12-08 10:58:58.287573,-44.11,,,,,,,,
2022-12-08 10:58:58.340593,-42.92,,,,,,,,
2022-12-08 10:58:58.390536,-39.35,,,,,,,,
2022-12-08 10:58:58.440512,-33.19,,,,,,,,
2022-12-08 10:58:58.512753,-29.72,,,,,,,,
2022-12-08 10:58:58.562408,-25.94,,,,,,,,
2022-12-08 10:58:58.609096,-23.15,,,,,,,,
2022-12-08 10:58:58.660675,-25.49,,,,,,,,
2022-12-08 10:58:58.710248,-20.21,,,,,,,,
2022-12-08 10:58:58.759883,-12.43,,,,,,,,
2022-12-08 10:58:58.813849,-12.93,,,,,,,,
2022-12-08 10:58:58.864462,-11.83,,,,,,,,
2022-12-08 10:58:58.909768,-8.78,,,,,,,,
2022-12-08 10:58:58.956056,-5.35,,,,,,,,
2022-12-08 10:58:59.002137,-5.62,,,,,,,,
2022-12-08 10:58:59.048181,-2.47,,,,,,,,
2022-12-08 10:58:59.093652,-6.0,,,,,,,,
2022-12-08 10:58:59.160869,-3.37,,,,,,,,
2022-12-08 10:58:59.209382,2.25,,,,,,,,
2022-12-08 10:58:59.263559,-0.75,,,,,,,,
2022-12-08 10:58:59.314086,-3.42,,,,,,,,
2022-12-08 10:58:59.364069,-1.62,,,,,,,,
2022-12-08 10:58:59.413591,2.51,,,,,,,,
2022-12-08 10:58:59.463095,-0.58,,,,,,,,
2022-12-08 10:58:59.508908,1.64,,,,,,,,
2022-12-08 10:58:59.554860,3.77,,,,,,,,
2022-12-08 10:58:59.600391,-0.87,,,,,,,,
2022-12-08 10:58:59.645753,9.37,,,,,,,,
2022-12-08 10:58:59.691541,10.29,,,,,,,,
2022-12-08 10:58:59.736878,1.27,,,,,,,,
2022-12-08 10:58:59.786964,3.19,,,,,,,,
2022-12-08 10:58:59.835978,5.54,,,,,,,,
2022-12-08 10:58:59.885959,4.3,,,,,,,,
2022-12-08 10:58:59.952368,9.37,,,,,,,,
2022-12-08 10:58:59.997392,15.07,,,,,,,,
2022-12-08 10:59:00.045219,16.51,,,,,,,,
2022-12-08 10:59:00.096295,21.27,,,,,,,,
2022-12-08 10:59:00.145713,28.27,,,,,,,,
2022-12-08 10:59:00.194671,37.24,,,,,,,,
2022-12-08 10:59:00.246047,38.48,,,,,,,,
2022-12-08 10:59:00.298397,41.38,,,,,,,,
2022-12-08 10:59:00.348933,46.12,,,,,,,,
2022-12-08 10:59:00.398626,50.65,,,,,,,,
2022-12-08 10:59:00.448655,53.36,,,,,,,,
2022-12-08 10:59:00.499103,51.82,,,,,,,,
2022-12-08 10:59:00.548652,51.82,,,,,,,,
2022-12-08 10:59:00.600674,54.68,,,,,,,,
2022-12-08 10:59:00.647024,56.06,,,,,,,,
2022-12-08 10:59:00.696224,57.71,,,,,,,,
2022-12-08 10:59:00.749141,58.23,,,,,,,,
2022-12-08 10:59:00.822851,60.83,,,,,,,,
2022-12-08 10:59:00.872511,60.99,,,,,,,,
2022-12-08 10:59:00.922493,61.24,,,,,,,,
2022-12-08 10:59:00.972712,62.15,,,,,,,,
2022-12-08 10:59:01.022648,64.08,,,,,,,,
2022-12-08 10:59:01.074822,64.26,,,,,,,,
2022-12-08 10:59:01.120744,64.68,,,,,,,,
2022-12-08 10:59:01.167281,64.62,,,,,,,,
2022-12-08 10:59:01.212327,64.31,,,,,,,,
2022-12-08 10:59:01.258491,66.14,,,,,,,,
2022-12-08 10:59:01.303809,66.9,,,,,,,,
2022-12-08 10:59:01.349123,66.69,,,,,,,,
2022-12-08 10:59:01.397586,66.57,,,,,,,,
2022-12-08 10:59:01.446860,66.06,,,,,,,,
2022-12-08 10:59:01.496462,67.03,,,,,,,,
2022-12-08 10:59:01.546532,66.02,,,,,,,,
2022-12-08 10:59:01.599459,65.54,,,,,,,,
2022-12-08 10:59:01.645963,64.14,,,,,,,,
2022-12-08 10:59:01.694866,62.75,,,,,,,,
2022-12-08 10:59:01.746063,62.87,,,,,,,,
2022-12-08 10:59:01.799664,60.51,,,,,,,,
2022-12-08 10:59:01.871292,57.2,,,,,,,,
2022-12-08 10:59:01.921274,56.02,,,,,,,,
2022-12-08 10:59:01.972271,53.71,,,,,,,,
2022-12-08 10:59:02.023167,49.54,,,,,,,,
2022-12-08 10:59:02.074053,47.79,,,,,,,,
2022-12-08 10:59:02.119493,46.49,,,,,,,,
2022-12-08 10:59:02.169221,43.2,,,,,,,,
2022-12-08 10:59:02.214224,40.75,,,,,,,,
2022-12-08 10:59:02.259787,38.39,,,,,,,,
2022-12-08 10:59:02.305694,36.79,,,,,,,,
2022-12-08 10:59:02.351287,35.03,,,,,,,,
2022-12-08 10:59:02.396851,33.35,,,,,,,,
2022-12-08 10:59:02.446127,32.22,,,,,,,,
2022-12-08 10:59:02.495853,29.89,,,,,,,,
2022-12-08 10:59:02.546461,25.03,,,,,,,,
2022-12-08 10:59:02.599081,23.85,,,,,,,,
2022-12-08 10:59:02.644089,27.91,,,,,,,,
2022-12-08 10:59:02.693278,27.96,,,,,,,,
2022-12-08 10:59:02.743250,24.79,,,,,,,,
2022-12-08 10:59:02.820487,18.89,,,,,,,,
2022-12-08 10:59:02.870019,20.75,,,,,,,,
2022-12-08 10:59:02.919418,18.24,,,,,,,,
2022-12-08 10:59:02.969388,13.7,,,,,,,,
2022-12-08 10:59:03.022320,11.47,,,,,,,,
2022-12-08 10:59:03.073362,10.92,,,,,,,,
2022-12-08 10:59:03.120232,8.42,,,,,,,,
2022-12-08 10:59:03.197816,-1.91,,,,,,,,
2022-12-08 10:59:03.213656,-17.76,,,,,,,,
2022-12-08 10:59:03.260152,-32.01,,,,,,,,
2022-12-08 10:59:03.305834,-45.05,,,,,,,,
2022-12-08 10:59:03.366417,-47.32,,,,,,,,
2022-12-08 10:59:03.468036,-62.34,,,,,,,,
2022-12-08 10:59:03.517951,-64.64,,,,,,,,
2022-12-08 10:59:03.569242,-68.05,,,,,,,,
2022-12-08 10:59:03.619692,-69.85,,,,,,,,
2022-12-08 10:59:03.670564,-72.12,,,,,,,,
2022-12-08 10:59:03.720734,-72.35,,,,,,,,
2022-12-08 10:59:03.771630,-76.26,,,,,,,,
2022-12-08 10:59:03.821589,-77.96,,,,,,,,
2022-12-08 10:59:03.873667,-78.74,,,,,,,,
2022-12-08 10:59:03.924011,-81.26,,,,,,,,
2022-12-08 10:59:03.973995,-80.54,,,,,,,,
2022-12-08 10:59:04.025824,-79.62,,,,,,,,
2022-12-08 10:59:04.077797,-80.51,,,,,,,,
2022-12-08 10:59:04.123133,-81.97,,,,,,,,
2022-12-08 10:59:04.172417,-82.86,,,,,,,,
2022-12-08 10:59:04.222133,-81.59,,,,,,,,
2022-12-08 10:59:04.293588,-81.86,,,,,,,,
2022-12-08 10:59:04.345152,-80.5,,,,,,,,
2022-12-08 10:59:04.397497,-79.01,,,,,,,,
2022-12-08 10:59:04.450008,-77.83,,,,,,,,
2022-12-08 10:59:04.500063,-78.43,,,,,,,,
2022-12-08 10:59:04.550252,-77.69,,,,,,,,
2022-12-08 10:59:04.602843,-74.15,,,,,,,,
2022-12-08 10:59:04.647911,-70.06,,,,,,,,
2022-12-08 10:59:04.693446,-66.6,,,,,,,,
2022-12-08 10:59:04.739356,-64.21,,,,,,,,
2022-12-08 10:59:04.785610,-61.04,,,,,,,,
2022-12-08 10:59:04.831533,-57.73,,,,,,,,
2022-12-08 10:59:04.877066,-55.22,,,,,,,,
2022-12-08 10:59:04.923121,-52.91,,,,,,,,
2022-12-08 10:59:04.973781,-50.48,,,,,,,,
2022-12-08 10:59:05.023828,-47.38,,,,,,,,
2022-12-08 10:59:05.073301,-43.48,,,,,,,,
2022-12-08 10:59:05.192533,-40.92,,,,,,,,
2022-12-08 10:59:05.193537,-38.38,,,,,,,,
2022-12-08 10:59:05.221401,-34.11,,,,,,,,
2022-12-08 10:59:05.276024,-25.23,,,,,,,,
2022-12-08 10:59:05.326021,-20.37,,,,,,,,
2022-12-08 10:59:05.397373,-18.52,,,,,,,,
2022-12-08 10:59:05.447334,-14.96,,,,,,,,
2022-12-08 10:59:05.497869,-11.21,,,,,,,,
2022-12-08 10:59:05.548838,-10.86,,,,,,,,
2022-12-08 10:59:05.601365,-10.62,,,,,,,,
2022-12-08 10:59:05.646394,-7.67,,,,,,,,
2022-12-08 10:59:05.692340,-12.77,,,,,,,,
2022-12-08 10:59:05.738415,-6.0,,,,,,,,
2022-12-08 10:59:05.784512,-3.26,,,,,,,,
2022-12-08 10:59:05.829685,-3.75,,,,,,,,
2022-12-08 10:59:05.875742,-2.71,,,,,,,,
2022-12-08 10:59:05.923726,2.6,,,,,,,,
2022-12-08 10:59:05.973574,5.54,,,,,,,,
2022-12-08 10:59:06.022931,7.01,,,,,,,,
2022-12-08 10:59:06.073964,11.04,,,,,,,,
2022-12-08 10:59:06.131421,2.39,,,,,,,,
2022-12-08 10:59:06.177083,-0.6,,,,,,,,
2022-12-08 10:59:06.227119,6.28,,,,,,,,
2022-12-08 10:59:06.277076,4.31,,,,,,,,
2022-12-08 10:59:06.328196,-0.58,,,,,,,,
2022-12-08 10:59:06.376707,6.52,,,,,,,,
2022-12-08 10:59:06.427238,12.46,,,,,,,,
2022-12-08 10:59:06.480662,17.63,,,,,,,,
2022-12-08 10:59:06.530724,24.53,,,,,,,,
2022-12-08 10:59:06.580026,28.79,,,,,,,,
2022-12-08 10:59:06.625416,30.06,,,,,,,,
2022-12-08 10:59:06.678698,30.52,,,,,,,,
2022-12-08 10:59:06.728336,34.32,,,,,,,,
2022-12-08 10:59:06.777958,38.08,,,,,,,,
2022-12-08 10:59:06.829184,39.99,,,,,,,,
2022-12-08 10:59:06.880750,38.42,,,,,,,,
2022-12-08 10:59:06.932322,40.55,,,,,,,,
2022-12-08 10:59:06.982512,44.32,,,,,,,,
2022-12-08 10:59:07.032679,46.62,,,,,,,,
2022-12-08 10:59:07.084506,47.98,,,,,,,,
2022-12-08 10:59:07.129777,49.72,,,,,,,,
2022-12-08 10:59:07.177757,51.72,,,,,,,,
2022-12-08 10:59:07.230188,54.46,,,,,,,,
2022-12-08 10:59:07.280158,56.8,,,,,,,,
2022-12-08 10:59:07.329966,58.4,,,,,,,,
2022-12-08 10:59:07.404770,60.29,,,,,,,,
2022-12-08 10:59:07.455983,60.39,,,,,,,,
2022-12-08 10:59:07.506072,61.62,,,,,,,,
2022-12-08 10:59:07.557028,60.5,,,,,,,,
2022-12-08 10:59:07.602337,59.08,,,,,,,,
2022-12-08 10:59:07.647525,60.45,,,,,,,,
2022-12-08 10:59:07.692965,60.07,,,,,,,,
2022-12-08 10:59:07.738448,60.23,,,,,,,,
2022-12-08 10:59:07.784475,61.75,,,,,,,,
2022-12-08 10:59:07.829781,61.68,,,,,,,,
2022-12-08 10:59:07.876451,60.93,,,,,,,,
2022-12-08 10:59:07.926669,60.22,,,,,,,,
2022-12-08 10:59:07.976421,60.63,,,,,,,,
2022-12-08 10:59:08.025799,60.51,,,,,,,,
2022-12-08 10:59:08.076038,58.93,,,,,,,,
2022-12-08 10:59:08.125295,56.97,,,,,,,,
2022-12-08 10:59:08.171647,55.2,,,,,,,,
2022-12-08 10:59:08.221390,53.37,,,,,,,,
2022-12-08 10:59:08.272180,52.56,,,,,,,,
2022-12-08 10:59:08.323142,51.96,,,,,,,,
2022-12-08 10:59:08.376402,50.82,,,,,,,,
2022-12-08 10:59:08.426202,49.11,,,,,,,,
2022-12-08 10:59:08.475795,48.32,,,,,,,,
2022-12-08 10:59:08.526069,47.44,,,,,,,,
2022-12-08 10:59:08.575801,44.89,,,,,,,,
2022-12-08 10:59:08.625147,42.28,,,,,,,,
2022-12-08 10:59:08.671103,41.95,,,,,,,,
2022-12-08 10:59:08.721301,41.04,,,,,,,,
2022-12-08 10:59:08.772120,38.47,,,,,,,,
2022-12-08 10:59:08.822080,35.17,,,,,,,,
2022-12-08 10:59:08.875494,32.27,,,,,,,,
2022-12-08 10:59:08.925366,33.4,,,,,,,,
2022-12-08 10:59:08.975552,32.42,,,,,,,,
2022-12-08 10:59:09.025512,31.27,,,,,,,,
2022-12-08 10:59:09.075219,31.58,,,,,,,,
2022-12-08 10:59:09.124464,31.49,,,,,,,,
2022-12-08 10:59:09.171369,31.51,,,,,,,,
2022-12-08 10:59:09.219768,31.28,,,,,,,,
2022-12-08 10:59:09.269763,31.55,,,,,,,,
2022-12-08 10:59:09.321587,31.96,,,,,,,,
2022-12-08 10:59:09.371475,28.42,,,,,,,,
2022-12-08 10:59:09.424545,24.17,,,,,,,,
2022-12-08 10:59:09.474652,25.56,,,,,,,,
2022-12-08 10:59:09.524935,22.92,,,,,,,,
2022-12-08 10:59:09.574851,23.97,,,,,,,,
2022-12-08 10:59:09.624283,24.52,,,,,,,,
2022-12-08 10:59:09.670103,21.79,,,,,,,,
2022-12-08 10:59:09.718543,20.81,,,,,,,,
2022-12-08 10:59:09.771510,21.22,,,,,,,,
2022-12-08 10:59:09.821767,21.91,,,,,,,,
2022-12-08 10:59:09.876739,23.35,,,,,,,,
2022-12-08 10:59:09.927449,22.62,,,,,,,,
2022-12-08 10:59:09.977120,18.32,,,,,,,,
2022-12-08 10:59:10.027157,17.75,,,,,,,,
2022-12-08 10:59:10.082072,15.52,,,,,,,,
2022-12-08 10:59:10.127008,15.73,,,,,,,,
2022-12-08 10:59:10.173315,15.88,,,,,,,,
2022-12-08 10:59:10.225582,14.69,,,,,,,,
2022-12-08 10:59:10.297366,13.35,,,,,,,,
2022-12-08 10:59:10.349734,12.14,,,,,,,,
2022-12-08 10:59:10.400535,12.47,,,,,,,,
2022-12-08 10:59:10.451457,10.05,,,,,,,,
2022-12-08 10:59:10.499642,-3.33,,,,,,,,
2022-12-08 10:59:10.549547,-15.32,,,,,,,,
2022-12-08 10:59:10.600599,-29.98,,,,,,,,
2022-12-08 10:59:10.647040,-39.28,,,,,,,,
2022-12-08 10:59:10.698462,-36.4,,,,,,,,
2022-12-08 10:59:10.743980,-40.47,,,,,,,,
2022-12-08 10:59:10.789908,-49.3,,,,,,,,
2022-12-08 10:59:10.835819,-51.98,,,,,,,,
2022-12-08 10:59:10.881081,-54.13,,,,,,,,
2022-12-08 10:59:10.926887,-57.25,,,,,,,,
2022-12-08 10:59:10.976166,-65.37,,,,,,,,
2022-12-08 10:59:11.026151,-68.73,,,,,,,,
2022-12-08 10:59:11.077220,-72.02,,,,,,,,
2022-12-08 10:59:11.125822,-73.35,,,,,,,,
2022-12-08 10:59:11.193704,-72.67,,,,,,,,
2022-12-08 10:59:11.243842,-72.68,,,,,,,,
2022-12-08 10:59:11.295804,-75.31,,,,,,,,
2022-12-08 10:59:11.345864,-77.39,,,,,,,,
2022-12-08 10:59:11.395811,-78.98,,,,,,,,
2022-12-08 10:59:11.448715,-80.06,,,,,,,,
2022-12-08 10:59:11.499367,-82.25,,,,,,,,
2022-12-08 10:59:11.551274,-82.71,,,,,,,,
2022-12-08 10:59:11.598554,-82.93,,,,,,,,
2022-12-08 10:59:11.646241,-81.76,,,,,,,,
2022-12-08 10:59:11.691773,-80.24,,,,,,,,
2022-12-08 10:59:11.737272,-79.15,,,,,,,,
2022-12-08 10:59:11.782565,-78.44,,,,,,,,
2022-12-08 10:59:11.827834,-77.99,,,,,,,,
2022-12-08 10:59:11.873491,-76.84,,,,,,,,
2022-12-08 10:59:11.925209,-75.66,,,,,,,,
2022-12-08 10:59:11.975198,-74.62,,,,,,,,
2022-12-08 10:59:12.025385,-67.23,,,,,,,,
2022-12-08 10:59:12.078536,-65.9,,,,,,,,
2022-12-08 10:59:12.123845,-68.34,,,,,,,,
2022-12-08 10:59:12.193770,-67.9,,,,,,,,
2022-12-08 10:59:12.245859,-64.37,,,,,,,,
2022-12-08 10:59:12.295665,-59.84,,,,,,,,
2022-12-08 10:59:12.349038,-57.41,,,,,,,,
2022-12-08 10:59:12.399346,-56.13,,,,,,,,
2022-12-08 10:59:12.445875,-53.73,,,,,,,,
2022-12-08 10:59:12.495988,-50.75,,,,,,,,
2022-12-08 10:59:12.545397,-47.62,,,,,,,,
2022-12-08 10:59:12.601827,-46.29,,,,,,,,
2022-12-08 10:59:12.647205,-43.12,,,,,,,,
2022-12-08 10:59:12.692669,-39.77,,,,,,,,
2022-12-08 10:59:12.738913,-36.06,,,,,,,,
2022-12-08 10:59:12.784902,-33.12,,,,,,,,
2022-12-08 10:59:12.830045,-29.23,,,,,,,,
2022-12-08 10:59:12.875557,-31.99,,,,,,,,
2022-12-08 10:59:12.921768,-29.9,,,,,,,,
2022-12-08 10:59:12.967030,-25.28,,,,,,,,
2022-12-08 10:59:13.017401,-24.07,,,,,,,,
2022-12-08 10:59:13.071191,-23.32,,,,,,,,
2022-12-08 10:59:13.116833,-20.42,,,,,,,,
2022-12-08 10:59:13.165297,-17.17,,,,,,,,
2022-12-08 10:59:13.215177,-15.78,,,,,,,,
2022-12-08 10:59:13.265753,-11.86,,,,,,,,
2022-12-08 10:59:13.316763,-12.23,,,,,,,,
2022-12-08 10:59:13.371114,-12.49,,,,,,,,
2022-12-08 10:59:13.416503,-5.78,,,,,,,,
2022-12-08 10:59:13.464953,-3.71,,,,,,,,
2022-12-08 10:59:13.517071,-4.74,,,,,,,,
2022-12-08 10:59:13.567079,-3.1,,,,,,,,
2022-12-08 10:59:13.616695,0.22,,,,,,,,
2022-12-08 10:59:13.666469,0.57,,,,,,,,
2022-12-08 10:59:13.716016,1.9,,,,,,,,
2022-12-08 10:59:13.768104,4.87,,,,,,,,
2022-12-08 10:59:13.818618,-0.21,,,,,,,,
2022-12-08 10:59:13.868480,12.46,,,,,,,,
2022-12-08 10:59:13.917784,14.86,,,,,,,,
2022-12-08 10:59:13.968024,17.02,,,,,,,,
2022-12-08 10:59:14.019960,17.07,,,,,,,,
2022-12-08 10:59:14.070145,17.13,,,,,,,,
2022-12-08 10:59:14.117252,17.77,,,,,,,,
2022-12-08 10:59:14.189638,21.54,,,,,,,,
2022-12-08 10:59:14.242261,22.32,,,,,,,,
2022-12-08 10:59:14.291852,26.64,,,,,,,,
2022-12-08 10:59:14.341540,30.74,,,,,,,,
2022-12-08 10:59:14.391126,38.61,,,,,,,,
2022-12-08 10:59:14.446169,46.4,,,,,,,,
2022-12-08 10:59:14.497878,50.09,,,,,,,,
2022-12-08 10:59:14.548399,52.25,,,,,,,,
2022-12-08 10:59:14.599893,53.19,,,,,,,,
2022-12-08 10:59:14.645401,56.1,,,,,,,,
2022-12-08 10:59:14.691250,57.96,,,,,,,,
2022-12-08 10:59:14.736647,58.88,,,,,,,,
2022-12-08 10:59:14.782083,60.76,,,,,,,,
2022-12-08 10:59:14.827090,62.84,,,,,,,,
2022-12-08 10:59:14.872343,64.05,,,,,,,,
2022-12-08 10:59:14.922283,64.6,,,,,,,,
2022-12-08 10:59:14.967883,65.95,,,,,,,,
2022-12-08 10:59:15.017720,67.38,,,,,,,,
2022-12-08 10:59:15.067704,65.78,,,,,,,,
2022-12-08 10:59:15.117050,67.46,,,,,,,,
2022-12-08 10:59:15.166458,68.23,,,,,,,,
2022-12-08 10:59:15.217686,67.96,,,,,,,,
2022-12-08 10:59:15.269257,69.1,,,,,,,,
2022-12-08 10:59:15.319777,70.91,,,,,,,,
2022-12-08 10:59:15.370053,70.63,,,,,,,,
2022-12-08 10:59:15.439782,70.68,,,,,,,,
2022-12-08 10:59:15.490297,72.2,,,,,,,,
2022-12-08 10:59:15.545289,71.1,,,,,,,,
2022-12-08 10:59:15.598380,69.13,,,,,,,,
2022-12-08 10:59:15.643402,68.62,,,,,,,,
2022-12-08 10:59:15.690816,67.77,,,,,,,,
2022-12-08 10:59:15.740099,67.95,,,,,,,,
2022-12-08 10:59:15.792915,66.3,,,,,,,,
2022-12-08 10:59:15.843190,63.42,,,,,,,,
2022-12-08 10:59:15.892610,60.73,,,,,,,,
2022-12-08 10:59:15.942840,58.7,,,,,,,,
2022-12-08 10:59:15.992586,57.5,,,,,,,,
2022-12-08 10:59:16.042771,54.85,,,,,,,,
2022-12-08 10:59:16.093816,53.22,,,,,,,,
2022-12-08 10:59:16.140187,51.16,,,,,,,,
2022-12-08 10:59:16.189572,47.76,,,,,,,,
2022-12-08 10:59:16.242461,44.14,,,,,,,,
2022-12-08 10:59:16.292277,42.56,,,,,,,,
2022-12-08 10:59:16.410142,39.07,,,,,,,,
2022-12-08 10:59:16.411147,38.65,,,,,,,,
2022-12-08 10:59:16.446581,36.62,,,,,,,,
2022-12-08 10:59:16.492675,32.83,,,,,,,,
2022-12-08 10:59:16.541407,32.23,,,,,,,,
2022-12-08 10:59:16.592843,30.2,,,,,,,,
2022-12-08 10:59:16.638246,31.54,,,,,,,,
2022-12-08 10:59:16.683451,31.05,,,,,,,,
2022-12-08 10:59:16.730613,27.5,,,,,,,,
2022-12-08 10:59:16.774809,25.92,,,,,,,,
2022-12-08 10:59:16.820993,25.77,,,,,,,,
2022-12-08 10:59:16.866486,25.25,,,,,,,,
2022-12-08 10:59:16.914486,23.45,,,,,,,,
2022-12-08 10:59:16.964292,20.05,,,,,,,,
2022-12-08 10:59:17.014215,20.56,,,,,,,,
2022-12-08 10:59:17.064137,20.68,,,,,,,,
2022-12-08 10:59:17.115000,17.99,,,,,,,,
2022-12-08 10:59:17.163699,19.55,,,,,,,,
2022-12-08 10:59:17.213227,19.8,,,,,,,,
2022-12-08 10:59:17.265933,17.08,,,,,,,,
2022-12-08 10:59:17.319169,13.67,,,,,,,,
2022-12-08 10:59:17.368833,13.53,,,,,,,,
2022-12-08 10:59:17.418586,14.65,,,,,,,,
2022-12-08 10:59:17.469298,12.07,,,,,,,,
2022-12-08 10:59:17.519748,2.95,,,,,,,,
2022-12-08 10:59:17.592600,-1.71,,,,,,,,
2022-12-08 10:59:17.637760,-1.77,,,,,,,,
2022-12-08 10:59:17.688245,-2.73,,,,,,,,
2022-12-08 10:59:17.740168,-6.76,,,,,,,,
2022-12-08 10:59:17.787758,-7.42,,,,,,,,
2022-12-08 10:59:17.832552,-0.46,,,,,,,,
2022-12-08 10:59:17.877853,7.41,,,,,,,,
2022-12-08 10:59:17.923651,9.5,,,,,,,,
2022-12-08 10:59:17.969383,7.3,,,,,,,,
2022-12-08 10:59:18.014980,-0.15,,,,,,,,
2022-12-08 10:59:18.064806,2.33,,,,,,,,
2022-12-08 10:59:18.118798,-0.4,,,,,,,,
2022-12-08 10:59:18.188824,2.47,,,,,,,,
2022-12-08 10:59:18.234792,3.8,,,,,,,,
2022-12-08 10:59:18.280440,-7.99,,,,,,,,
2022-12-08 10:59:18.328456,-18.61,,,,,,,,
2022-12-08 10:59:18.372428,-22.76,,,,,,,,
2022-12-08 10:59:18.417643,-20.83,,,,,,,,
2022-12-08 10:59:18.488364,-20.88,,,,,,,,
2022-12-08 10:59:18.538161,-19.7,,,,,,,,
2022-12-08 10:59:18.589081,-14.46,,,,,,,,
2022-12-08 10:59:18.634601,-18.89,,,,,,,,
2022-12-08 10:59:18.679867,-29.33,,,,,,,,
2022-12-08 10:59:18.725119,-38.32,,,,,,,,
2022-12-08 10:59:18.771287,-39.88,,,,,,,,
2022-12-08 10:59:18.817401,-39.84,,,,,,,,
2022-12-08 10:59:18.863434,-34.64,,,,,,,,
2022-12-08 10:59:18.911951,-29.66,,,,,,,,
2022-12-08 10:59:18.962722,-34.12,,,,,,,,
2022-12-08 10:59:19.011151,-42.21,,,,,,,,
2022-12-08 10:59:19.061577,-45.86,,,,,,,,
2022-12-08 10:59:19.110840,-44.02,,,,,,,,
2022-12-08 10:59:19.160029,-40.83,,,,,,,,
2022-12-08 10:59:19.209959,-37.34,,,,,,,,
2022-12-08 10:59:19.260939,-33.05,,,,,,,,
2022-12-08 10:59:19.311675,-33.56,,,,,,,,
2022-12-08 10:59:19.364007,-38.44,,,,,,,,
2022-12-08 10:59:19.414353,-44.41,,,,,,,,
2022-12-08 10:59:19.464590,-50.01,,,,,,,,
2022-12-08 10:59:19.515897,-48.59,,,,,,,,
2022-12-08 10:59:19.565907,-49.88,,,,,,,,
2022-12-08 10:59:19.628176,-50.74,,,,,,,,
2022-12-08 10:59:19.674010,-49.32,,,,,,,,
2022-12-08 10:59:19.719465,-49.3,,,,,,,,
2022-12-08 10:59:19.765129,-52.93,,,,,,,,
2022-12-08 10:59:19.811226,-55.8,,,,,,,,
2022-12-08 10:59:19.860454,-55.02,,,,,,,,
2022-12-08 10:59:19.911851,-53.31,,,,,,,,
2022-12-08 10:59:19.960887,-46.27,,,,,,,,
2022-12-08 10:59:20.010530,-40.38,,,,,,,,
2022-12-08 10:59:20.060148,-53.28,,,,,,,,
2022-12-08 10:59:20.108767,-54.86,,,,,,,,
2022-12-08 10:59:20.160045,-44.08,,,,,,,,
2022-12-08 10:59:20.209487,-35.58,,,,,,,,
2022-12-08 10:59:20.262638,-37.3,,,,,,,,
2022-12-08 10:59:20.313046,-32.03,,,,,,,,
2022-12-08 10:59:20.362945,-35.73,,,,,,,,
2022-12-08 10:59:20.413614,-39.69,,,,,,,,
2022-12-08 10:59:20.485885,-43.55,,,,,,,,
2022-12-08 10:59:20.535528,-45.23,,,,,,,,
2022-12-08 10:59:20.585966,-34.49,,,,,,,,
2022-12-08 10:59:20.635478,-42.74,,,,,,,,
2022-12-08 10:59:20.680809,-45.54,,,,,,,,
2022-12-08 10:59:20.726147,-42.46,,,,,,,,
2022-12-08 10:59:20.772305,-43.64,,,,,,,,
2022-12-08 10:59:20.817983,-43.22,,,,,,,,
2022-12-08 10:59:20.863224,-34.5,,,,,,,,
2022-12-08 10:59:20.909036,-33.11,,,,,,,,
2022-12-08 10:59:20.958113,-44.33,,,,,,,,
2022-12-08 10:59:21.008086,-49.29,,,,,,,,
2022-12-08 10:59:21.058272,-45.72,,,,,,,,
2022-12-08 10:59:21.108886,-43.6,,,,,,,,
2022-12-08 10:59:21.158050,-42.41,,,,,,,,
2022-12-08 10:59:21.207876,-35.58,,,,,,,,
2022-12-08 10:59:21.260325,-37.88,,,,,,,,
2022-12-08 10:59:21.309892,-40.59,,,,,,,,
2022-12-08 10:59:21.362440,-41.37,,,,,,,,
2022-12-08 10:59:21.412999,-41.74,,,,,,,,
2022-12-08 10:59:21.461919,-41.52,,,,,,,,
2022-12-08 10:59:21.512256,-40.51,,,,,,,,
2022-12-08 10:59:21.585475,-40.72,,,,,,,,
2022-12-08 10:59:21.631530,-41.74,,,,,,,,
2022-12-08 10:59:21.680309,-41.45,,,,,,,,
2022-12-08 10:59:21.731449,-42.69,,,,,,,,
2022-12-08 10:59:21.779261,-42.59,,,,,,,,
2022-12-08 10:59:21.822779,-42.29,,,,,,,,
2022-12-08 10:59:21.868185,-42.43,,,,,,,,
2022-12-08 10:59:21.913455,-37.57,,,,,,,,
2022-12-08 10:59:21.958764,-39.13,,,,,,,,
2022-12-08 10:59:22.007895,-37.72,,,,,,,,
2022-12-08 10:59:22.057909,-33.71,,,,,,,,
2022-12-08 10:59:22.108462,-26.77,,,,,,,,
2022-12-08 10:59:22.157307,-21.74,,,,,,,,
2022-12-08 10:59:22.207251,-19.57,,,,,,,,
2022-12-08 10:59:22.259810,-16.97,,,,,,,,
2022-12-08 10:59:22.309792,-20.26,,,,,,,,
2022-12-08 10:59:22.360342,-17.25,,,,,,,,
2022-12-08 10:59:22.411715,-10.31,,,,,,,,
2022-12-08 10:59:22.481938,-8.02,,,,,,,,
2022-12-08 10:59:22.532296,-10.0,,,,,,,,
2022-12-08 10:59:22.583642,-4.96,,,,,,,,
2022-12-08 10:59:22.634038,-0.68,,,,,,,,
2022-12-08 10:59:22.680535,-0.65,,,,,,,,
2022-12-08 10:59:22.727218,-0.09,,,,,,,,
2022-12-08 10:59:22.772261,0.98,,,,,,,,
2022-12-08 10:59:22.817887,-0.42,,,,,,,,
2022-12-08 10:59:22.863133,-0.35,,,,,,,,
2022-12-08 10:59:22.908611,-0.35,,,,,,,,
2022-12-08 10:59:22.956298,-0.35,,,,,,,,
2022-12-08 10:59:23.005866,-0.28,,,,,,,,
2022-12-08 10:59:23.056088,-0.21,,,,,,,,
2022-12-08 10:59:23.107443,-0.18,,,,,,,,
2022-12-08 10:59:23.179517,-0.18,,,,,,,,
2022-12-08 10:59:23.232958,-0.18,,,,,,,,
2022-12-08 10:59:23.282583,-0.2,,,,,,,,
2022-12-08 10:59:23.333132,-0.15,,,,,,,,
2022-12-08 10:59:23.382667,-0.13,,,,,,,,
2022-12-08 10:59:23.432786,-0.07,,,,,,,,
2022-12-08 10:59:23.481810,-0.07,,,,,,,,
2022-12-08 10:59:23.532306,-0.03,,,,,,,,
2022-12-08 10:59:23.583260,-0.08,,,,,,,,
2022-12-08 10:59:23.631855,-0.17,,,,,,,,
2022-12-08 10:59:23.677302,-0.25,,,,,,,,
2022-12-08 10:59:23.812999,-0.25,,,,,,,,
2022-12-08 10:59:23.813998,-0.28,,,,,,,,
2022-12-08 10:59:23.828812,-0.32,,,,,,,,
2022-12-08 10:59:23.860095,-0.28,,,,,,,,
2022-12-08 10:59:23.906082,-0.2,,,,,,,,
2022-12-08 10:59:23.954568,-0.06,,,,,,,,
2022-12-08 10:59:24.004958,-0.04,,,,,,,,
2022-12-08 10:59:24.055802,0.01,,,,,,,,
2022-12-08 10:59:24.106036,0.06,,,,,,,,
2022-12-08 10:59:24.176786,-0.03,,,,,,,,
2022-12-08 10:59:24.228965,-0.02,,,,,,,,
2022-12-08 10:59:24.280060,-0.01,,,,,,,,
2022-12-08 10:59:24.330524,0.08,,,,,,,,
2022-12-08 10:59:24.380278,0.18,,,,,,,,
2022-12-08 10:59:24.429831,0.14,,,,,,,,
2022-12-08 10:59:24.480242,0.1,,,,,,,,
2022-12-08 10:59:24.530818,0.08,,,,,,,,
2022-12-08 10:59:24.580327,0.08,,,,,,,,
2022-12-08 10:59:24.628021,0.12,,,,,,,,
2022-12-08 10:59:24.673127,0.15,,,,,,,,
2022-12-08 10:59:24.719623,0.15,,,,,,,,
2022-12-08 10:59:24.764856,0.17,,,,,,,,
2022-12-08 10:59:24.810056,0.19,,,,,,,,
2022-12-08 10:59:24.856183,0.19,,,,,,,,
2022-12-08 10:59:24.902772,0.2,,,,,,,,
2022-12-08 10:59:24.951859,0.19,,,,,,,,
2022-12-08 10:59:25.004528,0.22,,,,,,,,
2022-12-08 10:59:25.054421,0.23,,,,,,,,
2022-12-08 10:59:25.103401,0.24,,,,,,,,
2022-12-08 10:59:25.176673,0.2,,,,,,,,
2022-12-08 10:59:25.230231,0.19,,,,,,,,
2022-12-08 10:59:25.280366,0.2,,,,,,,,
2022-12-08 10:59:25.330172,0.19,,,,,,,,
2022-12-08 10:59:25.380218,0.19,,,,,,,,
